CODICE_ART,CODICE_ALT,DESCRIZION,UM,CODICE_CAT,CODICE_FOR,CODICE_MAR,GIACEZ_INI,ALIQ_IVA,LISTINO_1,RIC_1,LISTINO_2,RIC_2,LISTINO_3,RIC_3,DATA_ULT_C,DATA_ULT_S,ESISTENZA,ESI_COLLI,S_SCORTA,RICA,PRZ_ACQ,PRZ_AGG,PRZ_MED,NOTE,COLORE,REPARTO,PESO,PESO_MED,TARA,PZXCT,PROVV,FOTO,DATA_INS,BILANCIA,PEN_FORN,ULT_FORN,TOUCH,Gruppo,Sottogruppo,sco_max,NCOL_GIRIXLS,NCOL_NTVXLS,cat_level_4,cat_level_5,data_scad,TP_taglia,cod_compatib,no_sconto,ult_sconto,flag_var,punti_reg,no_provv,cod_promoz,ric_acq0,Listino_4,Listino_5,cod_ei
82411657,8300584753623,STROFINACCI 1.00,PZ,BIANCHERIA CASA,SCONOSCIUTO,SCONOSCIUTO,335.00,22.0,1.0000,115.70,1.0000,115.70,0.0000,-100.0,07/07/2026,31/08/2026,1445.000,-11,10.000,0.00,0.3800,0.0000,0.4418,,,29,0.000,0.000,0.000,0,0.00,,17/08/2017,,1,100,T,STROFINACCI,,,0,0,,FAMILY,,,,F,0.00,T,0,F,,0.00,0.0000,3.5000,
86172394,86172394,GREMBIULE C/E S/PETTORINA,PZ,BIANCHERIA CASA,SCONOSCIUTO,SCONOSCIUTO,0.00,22.0,1.9900,126.55,1.9900,126.55,0.0000,-100.0,12/07/2021,28/12/2019,0.000,0,5.000,,0.7200,0.0000,.34028E+39,,,1,,,,,0.00,,12/02/2010,,,1,,GREMBIULE,,,,,,FAMILY,,,,,0.00,F,,,,,,,
88549620,88549620,TOVAGLIA PANAMA X12,PZ,BIANCHERIA CASA,SCONOSCIUTO,SCONOSCIUTO,0.00,22.0,3.9900,120.98,3.9900,120.98,0.0000,-100.0,02/12/2013,03/10/2017,0.000,0,5.000,,1.4800,0.0000,.34028E+39,,T,1,,,,,0.00,,01/12/2010,,,1,,TOVAGLIA,X12,,,,,FAMILY,,,,,0.00,F,,,,,,,
84578037,84578037,IMBOTTITURA PIC,Pz,ARREDO CASA,SCONOSCIUTO,SCONOSCIUTO,794.00,22.0,2.4000,116.18,2.4000,116.18,0.0000,-100.0,13/05/2026,26/08/2026,698.000,-9,6.000,0.00,0.9100,0.0000,1.1497,,,6,0.000,0.000,0.000,0,0.00,,20/02/2019,,1,100,T,IMBOTTITURA,,,0,0,,FAMILY,,,,F,0.00,F,0,F,,0.00,0.0000,1.4000,
8300355613996,8300355613996,COPRIMATERASSO BASSETTI 1P,PZ,BIANCHERIA LETTO,BASSETTI,BASSETTI,0.00,22.0,22.5000,115.70,18.9900,82.05,,,12/12/2013,04/09/2018,0.000,0,4.000,,8.5500,0.0000,.34028E+39,,,1,,,,,0.00,,06/07/2010,,,1,,COPRIMATERASSO,SINGOLO,,,,,FAMILY,,,,,0.00,F,,,,,,,
82580124,82580124,SLIP STOCK 1.00,PZ,MUTANDERIA,SCONOSCIUTO,SCONOSCIUTO,0.00,22.0,1.0000,115.70,1.0000,115.70,0.0000,-100.0,22/05/2026,13/08/2026,0.000,0,4.000,,0.3800,0.0000,.34028E+39,,,1,,,,,0.00,,16/02/2010,,1,100,,SLIP,UNISEX,,,,,FAMILY,,,,,0.00,F,,,,,,,
87022223,87022223,ASCIUGAMANI ART. ASS/TI,PZ,BIANCHERIA BAGNO,SCONOSCIUTO,SCONOSCIUTO,0.00,22.0,1.8000,116.97,1.8000,116.97,0.0000,-100.0,18/08/2026,18/08/2026,0.000,-6,5.000,,0.6800,0.0000,0.6800,,,1,,,,,0.00,,13/03/2010,,1,100,T,ASCIUGAMANI,,,,,SPUGNA,FAMILY,,,,,0.00,F,,,,,,,
88216133,88216133,CALZE LANA BAROCCO CORTO,PA,CALZE,SCONOSCIUTO,SCONOSCIUTO,0.00,22.0,1.8000,116.97,1.8000,116.97,0.0000,-100.0,26/08/2022,26/08/2022,0.000,0,6.000,,0.6800,0.0000,.34028E+39,,,1,,,,,0.00,,10/04/2013,,,1,,CALZA CORTA,UNISEX,,,,,FAMILY,,,,,0.00,F,,,,,,,
87928433,87928433,SLIP/TOP S.P. RIMANENZA,PZ,MUTANDERIA,SCONOSCIUTO,SCONOSCIUTO,0.00,22.0,1.9900,126.55,1.9900,126.55,0.0000,-100.0,25/05/2006,09/10/2018,0.000,0,4.000,,0.7200,0.0000,.34028E+39,,,1,,,,,0.00,,16/03/2012,,,,,SLIP,DONNA,,,,,FAMILY,,,,,,F,,,,,,,
85487598,85487598,FASCE/BRASSIERE MICROFIBRA,PZ,MAGLIERIA,SCONOSCIUTO,SCONOSCIUTO,0.00,22.0,2.9900,114.98,2.9900,114.98,0.0000,-100.0,30/03/2024,16/05/2023,0.000,0,6.000,,1.1400,0.0000,.34028E+39,,,11,,,,,0.00,,10/05/2010,,,1,T,FASCIA,,,,,,FAMILY,,,,,0.00,F,,,,,,,
86795487,86795487,ARTICOLI A 3.00 NATALIZI,PZ,NATALIZIO,SCONOSCIUTO,SCONOSCIUTO,0.00,22.0,3.0000,115.70,3.0000,115.70,,,18/12/2017,18/12/2017,0.000,0,6.000,,1.1400,0.0000,.34028E+39,,,1,,,,,0.00,,18/08/2011,,,1,T,,,,,,,FAMILY,,,,,0.00,F,,,,,,,
8016209010506,8016209010506,TENDE SOLE 290X290,PZ,TENDE,GEMITEX,GEMITEX,0.00,22.0,22.9000,115.75,18.9900,78.91,,,01/07/2024,09/06/2018,0.000,0,6.000,,8.7000,0.0000,.34028E+39,,,1,,,,,0.00,,13/04/2010,,,1,,,,,,,,FAMILY,,,,,0.00,F,,,,,,,
8016209010490,8016209010490,TENDE SOLE 150X290,PZ,TENDE,GEMITEX,GEMITEX,0.00,22.0,12.9900,117.30,10.9900,83.84,,,11/07/2016,01/06/2017,0.000,0,6.000,,4.9000,0.0000,.34028E+39,,,1,,,,,0.00,,25/02/2012,,,1,,,,,,,,FAMILY,,,,,0.00,F,,,,,,,
8300140350341,8300140350341,SLIP DONNA BASIC ART.7550/C,PZ,MUTANDERIA,MAPOM,MAPOM,0.00,22.0,3.9900,120.98,3.9900,120.98,0.0000,-100.0,18/08/2020,30/10/2024,0.000,0,4.000,,1.4800,0.0000,.34028E+39,,,1,,,,,0.00,,14/12/2010,,,1,,SLIP,DONNA,,,,,FAMILY,,,,,0.00,F,,,,,,,
83909924,83909924,IMBOTTITURA MAXI,PZ,ARREDO CASA,SCONOSCIUTO,SCONOSCIUTO,870.00,22.0,3.9900,63.52,3.9900,63.52,0.0000,-100.0,05/08/2026,25/08/2026,309.000,-9,6.000,,2.0000,0.0000,-.17512E+36,,,1,,,,,0.00,,06/04/2010,,1,100,B,IMBOTTITURA,,,,,,FAMILY,,,,,0.00,F,,,,,,2.0000,
8016209002174,8016209002174,COPRIASSE DA STIRO 47X140 GEMITEX,Pz,BIANCHERIA CASA,GEMITEX,GEMITEX,122.00,22.0,2.9900,122.80,2.9900,122.80,0.0000,-100.0,29/12/2025,06/08/2026,0.000,-6,0.000,0.00,1.1000,0.0000,1.1000,,,33,0.000,0.000,0.000,0,0.00,,04/09/2017,,1,100,,COPRIASSE,,0.000,0,0,,FAMILY,,,,F,0.00,F,0,F,,0.00,0.0000,1.6000,
8016209002204,8016209002204,GREMBIULE FELPATO GEMITEX,Pz,BIANCHERIA CASA,GEMITEX,GEMITEX,274.00,22.0,2.5000,63.93,2.5000,63.93,0.0000,-100.0,07/08/2025,20/07/2026,199.000,-3,5.000,0.00,1.2500,0.0000,4.0390,,,4,0.000,0.000,0.000,0,0.00,,19/09/2017,,1,100,,GREMBIULE,,,0,0,,FAMILY,,2.50,,F,0.00,F,0,F,,0.00,0.0000,2.0000,
8300281310129,8300281310129,CALZE ART VARI,PA,CALZE,SCONOSCIUTO,SCONOSCIUTO,0.00,22.0,1.0000,115.70,1.0000,115.70,0.0000,-100.0,06/12/2022,06/12/2022,0.000,0,6.000,,0.3800,0.0000,.34028E+39,,,1,,,,,0.00,,23/02/2011,,,1,,CALZE CORTE,,,,,,FAMILY,,,,,0.00,F,,,,,,,
83893773,83893773,CUSCINO ARREDO C/IMBOTTITURA,PZ,ARREDO CASA,SCONOSCIUTO,SCONOSCIUTO,29.00,22.0,3.9900,120.98,3.9900,120.98,0.0000,-100.0,08/07/2026,08/07/2026,29.000,-1,6.000,,1.4800,0.0000,2.4409,,,1,,,,,0.00,,06/04/2010,,1,100,,CUSCINO ARREDO,,,,,,FAMILY,,,,,0.00,F,,,,,,,
85888883,85888883,COPRIABITO ECO,PZ,BIANCHERIA CASA,OPC TEXTILES,MY HOUSE,0.00,22.0,2.9900,114.98,2.9900,114.98,0.0000,-100.0,07/07/2026,07/07/2026,270.000,-5,6.000,,1.1400,0.0000,1.1400,,,1,,,,,0.00,,07/07/2026,,1,100,T,COPRIABITO,,,,,,FAMILY,,,,,0.00,F,,,,,,1.8000,
8300140452380,8300140452380,MAGLIA DONNA C/COTONE S/L MAPOM VOLLON,PZ,MAGLIERIA,MAPOM,MAPOM,0.00,22.0,6.9900,118.68,6.9900,118.68,0.0000,-100.0,22/09/2022,05/11/2021,0.000,0,5.000,,2.6200,0.0000,.34028E+39,,,1,,,,,0.00,,03/11/2010,,,1,,MAGLIA,DONNA,,,,C/COTONE,FAMILY,,,,,0.00,F,,,,,,,
8300140452397,8300140452397,MAGLIA DONNA C/COTONE M/M MAPOM LILLAZ,PZ,MAGLIERIA,MAPOM,MAPOM,0.00,22.0,7.9900,118.31,7.9900,118.31,0.0000,-100.0,30/10/2025,30/10/2025,0.000,0,5.000,,3.0000,0.0000,3.0000,,,1,,,,,0.00,,19/10/2011,,1,100,,MAGLIA,DONNA,,,,C/COTONE,FAMILY,,,,,0.00,F,,,,,,,
8300140452403,8300140452403,MAGLIA DONNA C/COTONE M/L MAPOM NAVA,PZ,MAGLIERIA,MAPOM,MAPOM,0.00,22.0,8.4000,115.84,8.4000,115.84,0.0000,-100.0,12/07/2022,12/07/2022,0.000,0,5.000,,3.1900,0.0000,.34028E+39,,,1,,,,,0.00,,19/10/2011,,,1,,MAGLIA,DONNA,,,,C/COTONE,FAMILY,,,,,0.00,F,,,,,,,
8300140452366,8300140452366,MAGLIA UOMO C/COTONE M/L BCO MAPOM BRUSSON,PZ,MAGLIERIA,MAPOM,MAPOM,0.00,22.0,8.4000,115.84,8.4000,115.84,0.0000,-100.0,14/12/2020,14/12/2020,0.000,0,5.000,,3.1900,0.0000,.34028E+39,,,1,,,,,0.00,,03/11/2010,,,1,,MAGLIA,UOMO,,,,C/COTONE,FAMILY,,,,,0.00,F,,,,,,,
8300140452465,8300140452465,MAGLIA U/D C/COTONE M/M,PZ,MAGLIERIA,MAPOM,MAPOM,0.00,22.0,7.9900,118.31,7.9900,118.31,0.0000,-100.0,10/04/2018,11/12/2020,0.000,0,5.000,,3.0000,0.0000,.34028E+39,,,1,,,,,0.00,,19/10/2011,,,1,,MAGLIA,UNISEX,,,,C/COTONE,FAMILY,,,,,0.00,F,,,,,,,
81438136,81438136,OSPITE ART. ASS/TI,PZ,BIANCHERIA BAGNO,SCONOSCIUTO,SCONOSCIUTO,0.00,22.0,1.3000,117.46,1.3000,117.46,0.0000,-100.0,18/08/2026,18/08/2026,0.000,-7,6.000,,0.4900,0.0000,0.4900,,,1,,,,,0.00,,23/02/2010,,1,100,T,OSPITE,,,,,,FAMILY,,,,,0.00,F,,,,,,,
8032551291349,8032551291349,BODY M/L COTONE STAMPATO ART. 134,PZ,INFANZIA,INTIMO CUORE,INTIMO CUORE,0.00,22.0,4.9900,119.90,4.9900,119.90,,,04/05/2022,04/05/2022,0.000,0,4.000,,1.8600,0.0000,.34028E+39,,,1,,,,,0.00,,08/09/2010,,,1,,BODY,NEONATI,,,,COTONE,FAMILY,,,,,0.00,F,,,,,,,
8032551290045,8032551290045,BODY M/L COTONE BCO ART. 004,PZ,INFANZIA,INTIMO CUORE,INTIMO CUORE,128.00,22.0,4.9900,119.90,4.9900,119.90,,,24/04/2023,25/06/2025,128.000,0,4.000,,1.8600,0.0000,4.9000,,,1,,,,,0.00,,08/09/2010,,,1,,BODY,NEONATI,,,,COTONE,FAMILY,,,,,0.00,F,,,,,,,
8032551290151,8032551290151,BODY S/L ART. 015 COTONE STAMPATO,PZ,INFANZIA,INTIMO CUORE,INTIMO CUORE,12.00,22.0,3.4001,116.04,3.4001,116.04,0.0000,-100.0,24/10/2018,10/11/2022,12.000,-8002,4.000,,1.2900,0.0000,-0.2920,,,1,,,,,0.00,,04/05/2017,,,1,,BODY,NEONATI,,,,COTONE,FAMILY,,,,,0.00,F,,,,,,,
8032551290038,8032551290038,BODY S/L ART. 003 BCO COTONE,PZ,INFANZIA,INTIMO CUORE,INTIMO CUORE,109.00,22.0,3.4000,116.04,3.4000,116.04,,,12/06/2018,10/11/2022,109.000,-48012,4.000,,1.2900,0.0000,3.3995,,,1,,,,,0.00,,25/02/2011,,,1,,BODY,NEONATI,,,,COTONE,FAMILY,,,,,0.00,F,,,,,,,
8032551290298,8032551290298,BODY BABY M/M STAMP ART.029,PZ,INFANZIA,INTIMO CUORE,INTIMO CUORE,7.00,22.0,4.5000,115.70,4.5000,115.70,,,29/01/2021,06/05/2020,7.000,0,4.000,,1.7100,0.0000,4.5000,,,1,,,,,0.00,,08/09/2010,,,1,,BODY,NEONATI,,,,,FAMILY,,,,,0.00,F,,,,,,,
8032551290021,8032551290021,BODY M/M COTONE ART. 02 BCO,PZ,INFANZIA,INTIMO CUORE,INTIMO CUORE,0.00,22.0,4.5000,115.70,4.5000,115.70,,,25/11/2022,10/05/2022,0.000,0,4.000,,1.7100,0.0000,.34028E+39,,,1,,,,,0.00,,08/09/2010,,,1,,BODY,NEONATI,,,,COTONE,FAMILY,,,,,0.00,F,,,,,,,
89203835,89203835,FEDERE DAMASCO,PZ,BIANCHERIA LETTO,SCONOSCIUTO,SCONOSCIUTO,0.00,22.0,1.5000,115.70,1.5000,115.70,0.0000,-100.0,25/06/2024,25/06/2024,0.000,0,1.500,,0.5700,0.0000,1.5000,,,1,,,,,0.00,,23/02/2010,,1,100,T,FEDERE,,,,,DAMASCO,FAMILY,,,,,0.00,F,,,,,,,
8029377038579,8029377038579,BODY FRAMES ART. B3857,PZ,CORSETTERIA,INTIMODRESS,FRAMES,0.00,22.0,5.0000,115.70,5.0000,115.70,0.0000,-100.0,14/12/2012,04/02/2020,0.000,0,6.000,,1.9000,0.0000,.34028E+39,,,1,,,,,0.00,,23/02/2011,,,1,,BODY,DONNA,,,,,FAMILY,,,,,0.00,F,,,,,,,
8029377038609,8029377038609,BODY FRAMES ART. B3860,PZ,CORSETTERIA,INTIMODRESS,FRAMES,0.00,22.0,5.0000,115.70,5.0000,115.70,,,27/04/2005,27/09/2019,0.000,0,6.000,,1.9000,,,,,1,,,,,0.00,,06/08/2014,,,,,BODY,DONNA,,,,,FAMILY,,,,,,F,,,,,,,
88028965,88028965,CP SPUGNA 3.00,CP,BIANCHERIA BAGNO,SCONOSCIUTO,SCONOSCIUTO,0.00,22.0,3.0000,115.70,3.0000,115.70,0.0000,-100.0,26/09/2018,01/04/2019,0.000,0,10.000,,1.1400,0.0000,.34028E+39,,,1,,,,,0.00,,29/04/2010,,,1,,COPPIA ASCIUGAMANI,,,,,SPUGNA,FAMILY,,,,,0.00,F,,,,,,,
88090290,88090290,COPRIPOLTRONA MILLERIGHE,CP,ARREDO CASA,SCONOSCIUTO,SCONOSCIUTO,0.00,22.0,9.9900,115.49,9.9900,115.49,0.0000,-100.0,28/11/2014,24/09/2018,0.000,0,6.000,,3.8000,0.0000,.34028E+39,,,1,,,,,0.00,,09/02/2011,,,1,,COPRIPOLTRONA,,,,,,FAMILY,,,,,0.00,F,,,,,,,
82660505,82660505,OSPITE HOTEL BIANCO,PZ,BIANCHERIA BAGNO,FANCY HOME,SITAS,0.00,22.0,1.9900,114.62,1.9900,114.62,11.9900,1193.1,28/08/2026,28/08/2026,74.000,-2,20.000,,0.7600,0.0000,0.7600,WEB,,1,,,,,0.00,,15/06/2010,,1,100,,OSPITE,,12.000,,,HOTELLERIA,TESSIL,,,,F,0.00,F,,,,,,15.0000,
81563128,81563128,ASCIUGAMANI HOTEL BIANCO,PZ,BIANCHERIA BAGNO,SCONOSCIUTO,SCONOSCIUTO,717.00,22.0,3.9900,115.16,3.9900,115.16,3.2000,72.56,28/08/2026,31/08/2026,472.000,5,20.000,,1.5200,0.0000,2.7356,WEB,,1,,,,,0.00,,12/03/2010,,1,100,,ASCIUGAMANI,,12.000,,,HOTELLERIA,FAMILY,,,,F,0.00,T,,,,,,30.0000,
8029377035707,8029377035707,REGGISENO FRAMES ART. R3570,PZ,CORSETTERIA,INTIMODRESS,FRAMES,0.00,22.0,7.0000,115.70,7.0000,115.70,,,21/01/2015,06/06/2017,0.000,0,6.000,,2.6600,0.0000,.34028E+39,,,1,,,,,0.00,,30/03/2017,,,1,,REGGISENO,DONNA,,,,,FAMILY,,,,,0.00,F,,,,,,,
8029377039453,8029377039453,BODY CLASSICO ART.B3945,PZ,CORSETTERIA,INTIMODRESS,FRAMES,0.00,22.0,5.0000,115.70,5.0000,115.70,,,24/01/2006,04/02/2020,0.000,0,6.000,,1.9000,0.0000,.34028E+39,,,1,,,,,0.00,,06/08/2014,,,,,BODY,DONNA,,,,,FAMILY,,,,,,F,,,,,,,
8300140150699,8300140150699,MAGLIA BIMBA C/COTONE M/L MAPOM CHAMOIS,PZ,MAGLIERIA,MAPOM,MAPOM,0.00,22.0,5.9900,115.34,5.9900,115.34,0.0000,-100.0,07/10/2022,30/03/2026,0.000,-2,6.000,0.00,2.2800,0.0000,.34028E+39,,,1,0.000,0.000,0.000,0,0.00,,19/10/2011,,,1,,MAGLIA,BIMBA,,,,C/COTONE,FAMILY,,,,,0.00,F,,,,,,,
8300140452410,8300140452410,MAGLIA UOMO C/COTONE M/M COL MAPOM TORGNON,PZ,MAGLIERIA,MAPOM,MAPOM,0.00,22.0,7.9900,118.31,7.9900,118.31,0.0000,-100.0,07/01/2019,12/11/2019,0.000,0,5.000,0.00,3.0000,0.0000,.34028E+39,,,1,0.000,0.000,0.000,0,0.00,,19/10/2011,,,1,,MAGLIA,UOMO,,,,C/COTONE,FAMILY,,,,,0.00,F,,,,,,,
8300140150637,8300140150637,MAGLIA BIMBO C/COTONE M/L MAPOM BALLABIO,PZ,MAGLIERIA,MAPOM,MAPOM,0.00,22.0,5.9900,119.19,5.9900,119.19,0.0000,-100.0,16/08/2023,16/08/2023,0.000,0,4.000,0.00,2.2400,0.0000,.34028E+39,,,1,0.000,0.000,0.000,0,0.00,,19/10/2011,,,1,,MAGLIA,BIMBO,,,,C/COTONE,FAMILY,,,,,0.00,F,,,,,,,
8300140452441,8300140452441,MAGLIA UOMO C/COTONE M/L COL MAPOM BRUSSON,PZ,MAGLIERIA,MAPOM,MAPOM,0.00,22.0,8.4000,40.52,8.4000,40.52,0.0000,-100.0,15/01/2021,14/01/2021,0.000,0,5.000,0.00,4.9000,0.0000,.34028E+39,4-5-6-7  nero in magazzino,ù,1,0.000,0.000,0.000,0,0.00,,02/11/2011,,,1,,MAGLIA,UOMO,,,,C/COTONE,FAMILY,,,,,0.00,F,,,,,,,
82046446,82046446,SLIP S/CUCITURE UOMO DONNA,PZ,MUTANDERIA,SCONOSCIUTO,SCONOSCIUTO,0.00,22.0,2.4000,116.18,2.4000,116.18,0.0000,-100.0,14/04/2025,11/11/2025,0.000,-1,4.000,0.00,0.9100,.34028E+39,.34028E+39,,,1,0.000,0.000,0.000,0,0.00,,10/05/2010,,1,100,C,SLIP,DONNA,,,,,FAMILY,,,,,0.00,F,,,,,,,
8032551290137,8032551290137,BODY BABY M/L C/COTONE ART. 013 BCO,PZ,INFANZIA,INTIMO CUORE,INTIMO CUORE,9.00,22.0,4.9900,119.90,4.9900,119.90,0.0000,-100.0,04/05/2022,19/01/2024,9.000,0,4.000,0.00,1.8600,0.0000,4.9000,,,1,0.000,0.000,0.000,0,0.00,,08/09/2010,,,1,,BODY,NEONATI,,,,C/COTONE,FAMILY,,,,,0.00,F,,,,,,,
8032551291356,8032551291356,BAVETTE 4 PEZZI ART 135,PZ,INFANZIA,INTIMO CUORE,INTIMO CUORE,0.00,22.0,4.9900,119.90,4.9900,119.90,0.0000,-100.0,10/02/2017,23/09/2017,0.000,0,4.000,0.00,1.8600,0.0000,.34028E+39,,,1,0.000,0.000,0.000,0,0.00,,24/03/2010,,,1,,BAVETTE,NEONATI,,,,,FAMILY,,,,,0.00,F,,,,,,,
25386486,25386486,TOVAGLIA NATALIZIA 150X240 ART. 2538,PZ,NATALIZIO,SCONOSCIUTO,SCONOSCIUTO,0.00,22.0,16.4000,115.77,13.9900,84.06,0.0000,-100.0,07/11/2005,23/12/2019,0.000,0,5.000,0.00,6.2300,0.0000,.34028E+39,,,1,0.000,0.000,0.000,0,0.00,,13/02/2010,,,,,TOVAGLIA,X12,,,,,FAMILY,,,,,,F,,,,,,,
84253378,84253378,TOVAGLIA PANAMA X12 NATALIZIA,PZ,NATALIZIO,SCONOSCIUTO,SCONOSCIUTO,0.00,22.0,4.9900,119.90,4.9900,119.90,0.0000,-100.0,08/01/2021,08/01/2021,0.000,0,5.000,0.00,1.8600,0.0000,.34028E+39,,,1,0.000,0.000,0.000,0,0.00,,27/10/2010,,,1,,TOVAGLIA,X12,,,,,FAMILY,,,,,0.00,F,,,,,,,
